{
  "silhouette": -0.12539759278297424,
  "ari": 0.2985435355718054,
  "nmi": 0.3250234644474137
}