{
  "train": {
    "silhouette": 0.20426012575626373,
    "ari": 0.2467569784456868,
    "nmi": 0.5034659478459236
  },
  "val": {
    "silhouette": 0.21182316541671753,
    "ari": 0.24912609315374598,
    "nmi": 0.5329266317209513
  },
  "test": {
    "silhouette": 0.1890595704317093,
    "ari": 0.22281903197084363,
    "nmi": 0.5159728308196283
  }
}