{
  "silhouette": 0.408754825592041,
  "ari": 0.4305557633693774,
  "nmi": 0.5095928323005772
}