{
  "silhouette": 0.3675847053527832,
  "ari": 0.433196557537384,
  "nmi": 0.5146115351406078
}