{
  "train": {
    "silhouette": 0.1429731249809265,
    "ari": 0.44133309990459785,
    "nmi": 0.640061400251393
  },
  "val": {
    "silhouette": 0.13218960165977478,
    "ari": 0.4201413741065825,
    "nmi": 0.636518220580391
  },
  "test": {
    "silhouette": 0.14281295239925385,
    "ari": 0.42924647951675005,
    "nmi": 0.6436992754413947
  }
}